{"cameraMode":{"drawMode":0,"name":"Shaded","section":"Shading Mode"},"sceneLighting":true,"audioPlay":false,"sceneViewState":{"showFog":true,"showMaterialUpdate":false,"showSkybox":true,"showFlares":true,"showImageEffects":true,"showParticleSystems":true},"in2DMode":false,"pivot":{"x":-225.6728057861328,"y":52.989356994628909,"z":410.7972412109375},"rotation":{"x":-0.026662256568670274,"y":-0.1627012938261032,"z":-0.00426016841083765,"w":0.9863927364349365},"size":500.7565002441406,"orthographic":false}