{"cameraMode":{"drawMode":0,"name":"Shaded","section":"Shading Mode"},"sceneLighting":true,"audioPlay":false,"sceneViewState":{"showFog":true,"showMaterialUpdate":false,"showSkybox":true,"showFlares":true,"showImageEffects":true,"showParticleSystems":true},"in2DMode":false,"pivot":{"x":0.7075696587562561,"y":15.158230781555176,"z":-4.670022487640381},"rotation":{"x":0.004499939735978842,"y":0.002398067619651556,"z":-0.000010017060048994608,"w":0.9999932050704956},"size":17.54657554626465,"orthographic":false}