{"cameraMode":{"drawMode":0,"name":"Shaded","section":"Shading Mode"},"sceneLighting":true,"audioPlay":false,"sceneViewState":{"showFog":true,"showMaterialUpdate":false,"showSkybox":true,"showFlares":true,"showImageEffects":true,"showParticleSystems":true},"in2DMode":false,"pivot":{"x":3.028712511062622,"y":15.401259422302246,"z":-12.499300003051758},"rotation":{"x":0.05097740516066551,"y":-0.0050951410084962849,"z":0.00026086182333528996,"w":0.9986914992332459},"size":17.54657554626465,"orthographic":false}