{"cameraMode":{"drawMode":0,"name":"Shaded","section":"Shading Mode"},"sceneLighting":true,"audioPlay":false,"sceneViewState":{"showFog":true,"showMaterialUpdate":false,"showSkybox":true,"showFlares":true,"showImageEffects":true,"showParticleSystems":true},"in2DMode":false,"pivot":{"x":104.86727142333985,"y":-1.903836727142334,"z":1190.3946533203125},"rotation":{"x":0.0029977690428495409,"y":0.04650808125734329,"z":-0.00010725273023126647,"w":0.9989610314369202},"size":1235.154052734375,"orthographic":false}